Calorie,Carbohydrates,Cholesterol,Fat,Fiber,Potassium,Protein,Saturated Fat,Serving Size,Sodium,Sugar,Turkish Name
278.6,0.0,90,17.1,0.0,223,27.2,6.5,100.0,91,0.0,dana kıyma
44.7,10.1,0,0.2,1.4,35,1.4,0.0,100.0,2,4.7,büyük boy soğan
144.8,32.5,0,0.7,2.0,153,6.4,0.0,100.0,16,1.0,sarımsak
147.0,0.7,371,9.7,0.0,199,12.5,3.1,100.0,139,0.4,yumurta
0.0,0.0,0,0.0,0.0,0,0.0,0.0,100.0,38395,0.0,tuz
245.3,64.1,0,3.0,24.8,158,10.5,1.3,100.0,20,0.4,karabiber
379.3,44.5,0,22.4,10.5,500,17.8,1.4,100.0,170,2.4,kimyon
39.4,8.8,0,0.4,1.5,43,1.9,0.0,100.0,8,5.3,pul biber
391.7,73.1,0,5.4,4.5,164,13.2,1.2,100.0,741,6.3,bayat ekmek kırıntısı
883.0,0.0,0,100.8,0.0,0,0.0,6.6,100.0,0,0.0,sıvı yağ
81.3,18.8,0,0.5,4.1,81,4.3,0.1,100.0,59,12.2,domates salçası
36.9,8.9,0,0.2,1.9,39,1.7,0.0,100.0,27,4.8,domates püresi
721.5,0.1,215,79.6,0.0,23,0.8,51.1,100.0,637,0.1,tereyağı
0.0,0.0,0,0.0,0.0,0,0.0,0.0,100.0,4,0.0,sıcak su
23.3,3.8,0,0.3,2.4,55,2.9,0.0,100.0,69,0.4,ıspanak 
92.7,21.0,0,0.1,2.2,70,2.5,0.0,100.0,10,1.2,patates
869.2,0.0,0,101.2,0.0,0,0.0,13.9,100.0,1,0.0,zeytinyağı
0.0,0.0,0,0.0,0.0,0,0.0,0.0,100.0,38395,0.0,tuz 
357.8,77.7,0,1.0,2.7,109,10.4,0.2,100.0,2,0.3,buğday unu
51.3,4.9,8,1.9,0.0,100,3.5,1.2,100.0,52,0.0,süt
405.3,3.2,99,32.7,0.0,453,22.9,18.8,100.0,653,0.5,rendelenmiş kaşar peyniri
278.6,0.0,90,17.1,0.0,223,27.2,6.5,100.0,91,0.0,orta yağlı kıyma
44.7,10.1,0,0.2,1.4,35,1.4,0.0,100.0,2,4.7,kuru soğan
127.4,28.4,0,0.3,0.4,42,2.7,0.1,100.0,1,0.1,haşlanmış pirinç
870.1,0.0,0,99.5,0.0,0,0.0,9.8,100.0,0,0.0,ayçiçek yağı
399.9,71.4,0,5.4,4.5,166,13.3,1.2,100.0,717,6.2,galeta unu
278.6,0.0,90,17.1,0.0,223,27.2,6.5,100.0,91,0.0,orta yağlı dana kıyması
44.7,10.1,0,0.2,1.4,35,1.4,0.0,100.0,2,4.7,rendelenmiş soğan
36.1,6.2,0,0.8,3.5,58,2.9,0.3,100.0,56,0.8,maydanoz
166.1,27.8,0,2.6,7.5,167,8.9,0.3,100.0,238,4.8,haşlanmış nohut
294.0,53.6,0,6.1,1.9,76,7.1,1.5,100.0,482,0.2,yufka
721.5,0.1,215,79.6,0.0,23,0.8,51.1,100.0,637,0.1,tereyağ
265.1,0.0,88,17.0,0.0,228,27.0,6.5,100.0,90,0.0,kıyma
63.1,7.1,6,1.6,0.0,141,5.2,1.0,100.0,69,7.1,yoğurt
81.3,18.8,0,0.5,4.1,81,4.3,0.1,100.0,59,12.2,salça
333.4,69.2,0,1.9,12.3,330,15.4,0.3,100.0,1,0.4,buğday nişastası
44.7,10.1,0,0.2,1.4,35,1.4,0.0,100.0,2,4.7,soğan
391.7,73.1,0,5.4,4.5,164,13.2,1.2,100.0,741,6.3,ekmek içi
394.9,99.1,0,0.0,0.0,0,0.0,0.0,100.0,1,99.7,toz şeker
54.1,27.5,0,0.0,0.2,2156,0.0,0.0,100.0,10622,0.0,kabartma tozu
360.0,73.9,0,1.0,4.0,138,12.7,0.1,100.0,1,0.0,irmik
16.5,5.5,0,0.0,0.8,9,0.4,0.0,100.0,23,1.6,limon suyu
455.3,52.3,0,28.3,9.9,101,3.2,26.3,100.0,288,36.9,rendelenmiş hindistan cevizi
282.7,12.6,0,0.0,0.0,5,0.0,0.0,100.0,9,12.7,vanilya
584.0,27.2,0,44.9,10.0,471,21.5,5.7,100.0,432,7.1,toz antep fıstığı
20.5,4.9,0,0.1,1.1,30,0.7,0.0,100.0,0,2.1,kabak
34.0,8.3,0,0.2,3.0,30,0.8,0.0,100.0,57,3.4,havuç
44.7,10.1,0,0.2,1.4,35,1.4,0.0,100.0,2,4.7,taze soğan
44.3,7.1,0,1.0,2.0,66,3.0,0.0,100.0,61,0.0,dereotu
393.6,57.2,74,17.6,0.3,142,3.0,2.9,100.0,271,42.1,hazır kek
1.0,0.0,0,0.0,0.0,2,0.1,0.0,100.0,1,0.0,granül kahve
203.6,3.5},57,18.8,0.0,99,6.3,11.4,100.0,31,3.5,labne peyniri
312.7,3.6,1074,27.0,0.0,384,15.9,9.6,100.0,47,0.6,yumurta sarısı
411.3,60.6,0,10.1,20.3,0,19.8,0.0,100.0,0,0.0,kakao
127.4,28.4,0,0.3,0.4,42,2.7,0.1,100.0,1,0.1,pirinç
0.0,0.0,0,0.0,0.0,0,0.0,0.0,100.0,4,0.0,ılık su
24.6,5.4,0,0.3,1.5,26,1.2,0.0,100.0,472,3.6,domates sos
102.7,25.1,0,1.2,13.6,106,5.0,0.0,100.0,8,0.0,kekik
24.4,2.0,0,0.0,2.0,56,4.0,0.0,100.0,4,0.0,fesleğen
300.8,2.2,79,22.7,0.0,347,22.4,13.2,100.0,623,1.0,rendelenmiş mozarella peyniri
321.9,1.4,87,26.9,0.0,146,18.4,8.8,100.0,815,1.1,sucuk
93.9,21.0,0,1.5,2.4,75,3.4,0.2,100.0,1,4.6,konserve mısır
113.8,6.4,0,10.5,3.3,2,0.8,1.4,100.0,723,0.0,zeytin
248.5,63.1,0,3.0,25.4,160,10.5,1.3,100.0,19,0.4,biber
112.8,19.4,0,0.4,7.8,180,9.0,0.1,100.0,236,1.8,kırmızı mercimek
333.4,69.2,0,1.9,12.3,330,15.4,0.3,100.0,1,0.4,ince bulgur
248.5,63.1,0,3.0,25.4,160,10.5,1.3,100.0,19,0.4,biber salçası
721.5,0.1,215,79.6,0.0,23,0.8,51.1,100.0,637,0.1,tereyağı 
391.1,98.1,0,0.0,0.0,0,0.0,0.0,100.0,2,97.1,pudra şekeri
52.9,0.7,0,0.2,0.0,15,10.9,0.0,100.0,165,0.7,yumurta beyazı
18.1,0.1,0,0.0,0.0,4,0.0,0.0,100.0,2,0.1,sirke
264.9,4.2,88,21.2,0.0,335,14.2,15.0,100.0,933,4.1,beyaz peynir
358.9,44.6,2,16.5,1.5,165,7.0,4.3,100.0,581,2.2,petibör bisküvi
301.2,0.0,98,20.5,0.0,187,24.4,8.8,100.0,71,0.0,kuzu but 
44.7,10.1,0,0.2,1.4,35,1.4,0.0,100.0,2,4.7,orta boy kuru soğan
18.2,3.9,0,0.2,1.2,23,0.9,0.0,100.0,4,2.6,orta boy domates
405.3,3.2,99,32.7,0.0,453,22.9,18.8,100.0,653,0.5,kaşar peyniri
34.7,8.7,0,0.2,2.5,15,0.8,0.0,100.0,0,3.2,orta boy patlıcan
253.3,64.7,0,3.0,24.9,160,10.4,1.3,100.0,20,0.4,taze çekilmiş tane karabiber
180.5,0.0,127,8.9,0.0,201,24.0,2.4,100.0,97,0.0,tavuk budu
158.8,30.7,0,0.9,1.8,58,5.9,0.2,100.0,0,0.6,tel şehriye
405.2,98.6,0,0.0,0.0,2,0.0,0.0,100.0,38,63.5,nane 
166.2,0.0,85,3.5,0.0,226,31.0,1.0,100.0,72,0.0,kuşbaşı tavuk göğsü
254.5,63.0,0,3.0,25.2,155,10.5,1.3,100.0,19,0.4,tane karabiber
51.3,4.9,8,1.9,0.0,100,3.5,1.2,100.0,52,0.0,soğuk süt
527.5,49.0,0,36.4,20.7,210,5.9,26.2,100.0,15,3.2,muskat cevizi rendesi
166.2,0.0,85,3.5,0.0,226,31.0,1.0,100.0,72,0.0,tavuk göğsü
27.5,6.8,0,0.2,1.2,18,0.9,0.0,100.0,2,3.2,yeşil biber
27.8,6.8,0,0.2,1.2,17,0.9,0.0,100.0,2,4.4,kırmızı biber
18.5,3.9,0,0.2,1.2,23,0.9,0.0,100.0,5,2.6,doğranmış domates
405.2,98.6,0,0.0,0.0,2,0.0,0.0,100.0,38,63.5,kuru nane
248.5,63.1,0,3.0,25.4,160,10.5,1.3,100.0,19,0.4,kırmızı kapya biber
222.6,0.0},92,12.9,0.0,179,23.7,3.7,100.0,72,0.0,tavuk baget
335.6,64.1,0,14.8,42.0,69,5.0,7.5,100.0,50,0.0,taze biberiye
18.2,3.9,0,0.2,1.2,23,0.9,0.0,100.0,4,2.6,domates
259.2,48.7,0,3.4,2.6,99,8.9,0.7,100.0,482,5.6,sandviç ekmeği
144.8,0.0,106,3.3,0.0,251,29.8,1.0,100.0,213,0.0,tavuk bonfile
248.5,63.1,0,3.0,25.4,160,10.5,1.3,100.0,19,0.4,kapya biber
27.6,6.8,0,0.2,1.2,17,0.9,0.0,100.0,2,3.2,sarı dolmalık biber
91.3,21.3,0,0.4,4.1,75,4.7,0.1,100.0,339,7.9,fasulye
27.8,6.8,0,0.2,1.2,17,0.9,0.0,100.0,2,4.4,toz kırmızı biber
248.5,63.1,0,3.0,25.4,160,10.5,1.3,100.0,19,0.4,beyaz biber
112.4,19.3,0,0.4,7.9,177,9.1,0.1,100.0,233,1.8,kırmızı ya da sarı mercimek
248.5,63.1,0,3.0,25.4,160,10.5,1.3,100.0,19,0.4,kırmızı toz biber
102.7,25.1,0,1.2,13.6,106,5.0,0.0,100.0,8,0.0,kuru kekik
44.3,7.1,0,1.0,2.0,66,3.0,0.0,100.0,61,0.0,doğranmış dereotu
542.0,60.9,8,31.9,7.0,205,4.8,18.7,100.0,24,48.3,eritilmiş bitter çikolata
64.2,7.2,5,1.6,0.0,145,5.3,1.0,100.0,69,7.1,süzme yoğurt
55.7,14.8,0,0.0,2.2,11,0.7,0.0,100.0,0,10.3,yaban mersini
31.9,7.7,0,0.3,2.0,23,0.7,0.0,100.0,0,4.9,çilek
475.3,42.3,0,30.9,34.0,859,16.6,3.4,100.0,15,0.0,chia tohumu
592.9,21.3,0,49.0,12.5,473,20.8,4.1,100.0,0,4.2,çiğ badem
332.1,71.5,0,2.5,10.9,362,13.3,0.4,100.0,2,0.4,tam buğday unu
100.1,3.4,16,4.3,0.0,158,11.0,1.7,100.0,361,2.7,lor peyniri
33.6,8.3,0,0.2,0.9,15,0.8,0.1,100.0,16,7.8,kavun
455.3,52.3,0,28.3,9.9,101,3.2,26.3,100.0,288,36.9,hindistan cevizi rendesi
144.8,32.5,0,0.7,2.0,153,6.4,0.0,100.0,16,1.0,ezilmiş sarımsak
295.5,2.2,79,22.6,0.0,350,22.1,13.1,100.0,629,1.0,rendelenmiş mozarella
288.3,75.4,0,0.4,8.2,62,2.4,0.0,100.0,1,63.2,hurma
368.3,67.0,0,6.4,10.3,416,13.2,1.1,100.0,6,1.0,yulaf
455.3,52.3,0,28.3,9.9,101,3.2,26.3,100.0,288,36.9,hindistan cevizi
881.6,0.0,0,98.8,0.0,0,0.0,83.1,100.0,0,0.0,hindistan cevizi yağı
579.7,24.0,0,49.6,5.6,336,22.1,9.6,100.0,477,6.5,fıstık ezmesi
542.0,60.9,8,31.9,7.0,205,4.8,18.7,100.0,24,48.3,bitter çikolata
368.3,67.0},0,6.4,10.3,416,13.2,1.1,100.0,6,1.0,yulaf sütü
247.4,80.4,0,1.1,53.8,64,3.9,0.4,100.0,10,2.3,tarçın
17.8,3.9,0,0.2,1.2,23,0.9,0.0,100.0,5,2.6,cherry domates
335.6,64.1,0,14.8,42.0,69,5.0,7.5,100.0,50,0.0,biberiye
36.1,6.2,0,0.8,3.5,58,2.9,0.3,100.0,56,0.8,maydanoz 
28.0,5.3,0,0.5,2.1,87,2.1,0.1,100.0,1,2.3,mantar
342.0,5.5,100,34.0,0.0,106,6.2,20.1,100.0,309,3.7,krem peynir
51.3,4.9,8,1.9,0.0,100,3.5,1.2,100.0,52,0.0,çiğ süt
20.7,0.9,0,0.0,0.0,8,0.0,0.0,100.0,5,0.4,elma sirkesi
28.0,5.3,0,0.5,2.1,87,2.1,0.1,100.0,1,2.3,büyük mantar
27.5,6.8,0,0.2,1.2,18,0.9,0.0,100.0,2,3.2,dolmalık yeşil biber
27.6,6.2,0,0.2,0.9,23,1.0,0.0,100.0,1,0.0,dolmalık sarı biber
34.7,8.7,0,0.2,2.5,15,0.8,0.0,100.0,0,3.2,patlıcan
22.4,4.1,0,0.5,2.3,31,1.8,0.1,100.0,14,2.1,küçük boy karnabahar
92.7,21.0,0,0.1,2.2,70,2.5,0.0,100.0,10,1.2,orta boy patates
17.9,4.0,0,0.2,1.6,25,0.8,0.1,100.0,91,2.4,kereviz sapı
37.1,3.5,2,1.2,0.0,27,2.5,0.3,100.0,144,1.6,sıcak et suyu
89.4,23.2,0,0.3,2.6,22,1.1,0.1,100.0,1,12.3,olgun muz
635.9,13.8,0,65.0,6.9,347,15.2,5.9,100.0,1,2.5,ceviz içi
579.7,24.0,0,49.6,5.6,336,22.1,9.6,100.0,477,6.5,yer fıstığı ezmesi
124.8,28.6},0,0.4,3.9,54,2.2,0.1,100.0,3,0.3,arpa şehriye
148.7,5.4,0,14.1,1.8,22,0.8,1.9,100.0,4,3.8,közlenmiş kırmızı biber turşusu
89.4,20.8,0,0.4,1.0,17,0.6,0.1,100.0,455,18.4,kornişon turşu
93.9,21.0,0,1.5,2.4,75,3.4,0.2,100.0,1,4.6,haşlanmış mısır
29.0,9.3,0,0.3,2.7,15,1.1,0.0,100.0,2,2.5,limon
84.2,18.5},0,1.2,4.1,35,1.7,0.1,100.0,2,13.7,nar ekşisi
109.7,19.3,0,0.4,5.5,123,7.7,0.1,100.0,238,1.8,taze bakla
44.7,10.1,0,0.2,1.4,35,1.4,0.0,100.0,2,4.7,büyük boy kuru soğan
53.7,13.3},0,0.0,0.1,6,0.1,0.0,100.0,61,12.2,limonun suyu
35.0,7.3,0,0.4,3.3,65,2.4,0.1,100.0,41,1.4,brokoli
12.2,2.4,0,0.3,1.0,15,0.5,0.1,100.0,803,1.0,salatalık turşusu
93.9,21.0,0,1.5,2.4,75,3.4,0.2,100.0,1,4.6,mısır konservesi
52.6,6.5,0,3.1,1.2,17,0.9,0.4,100.0,2,4.3,közlenmiş kırmızı biber
90.1,16.7,0,0.0,0.0,19,0.5,0.0,100.0,23,14.8,balsamik sirke
603.7,21.3,0,52.7,11.1,466,21.0,3.9,100.0,490,4.6,toz badem
203.6,3.5,57,18.8,0.0,99,6.3,11.4,100.0,31,3.5,labne
542.0,60.9,8,31.9,7.0,205,4.8,18.7,100.0,24,48.3,bitter çikolata 
15.3,3.7,0,0.1,0.5,24,0.6,0.0,100.0,1,1.7,salatalık
405.2,98.6,0,0.0,0.0,2,0.0,0.0,100.0,38,63.5,nane
78.3,18.3,0,1.0,2.0,34,2.0,0.0,100.0,13,1.5,zencefil
29.6,10.6,0,0.2,2.9,17,0.7,0.0,100.0,2,1.7,lime 
92.7,21.0,0,0.1,2.2,70,2.5,0.0,100.0,10,1.2,bebek patates
166.2,0.0,85,3.5,0.0,226,31.0,1.0,100.0,72,0.0,haşlanmış tavuk göğsü
248.5,63.1,0,3.0,25.4,160,10.5,1.3,100.0,19,0.4,köy biberi
43.7,10.1,0,0.2,1.4,34,1.4,0.0,100.0,3,4.7,kırmızı soğan
6.2,0.4,2,0.2,0.0,3,0.6,0.0,100.0,372,0.4,tavuk suyu
102.7,25.1,0,1.2,13.6,106,5.0,0.0,100.0,8,0.0,taze kekik
29.6,10.6,0,0.2,2.9,17,0.7,0.0,100.0,2,1.7,misket limonu rendesi
22.4,4.1,0,0.5,2.3,31,1.8,0.1,100.0,14,2.1,karnabahar
264.9,4.2,88,21.2,0.0,335,14.2,15.0,100.0,933,4.1,yarım yağlı beyaz peynir
294.3,77.8,0,0.5,3.7,99,3.1,0.0,100.0,11,59.4,kuru üzüm
287.4,75.9,0,0.1,0.0,30,0.0,0.0,100.0,36,74.4,pekmez
15.4,2.7,0,0.4,1.0,36,1.1,0.1,100.0,2,1.7,orta boy kabak
424.6,14.0,87,27.3,0.0,639,28.4,15.4,100.0,1831,0.0,toz parmesan peyniri
0.0,0.0,0,0.0,0.0,0,0.0,0.0,100.0,38985,0.0,deniz tuzu
18.2,3.9,0,0.2,1.2,23,0.9,0.0,100.0,4,2.6,büyük boy domates
29.1,6.9,0,0.1,2.6,33,1.5,0.0,100.0,27,3.3,kırmızı lahana turşusu
374.7,68.3,0,6.6,10.0,407,13.1,1.1,100.0,5,1.0,yulaf ezmesi
236.3,61.9,0,0.6,7.5,71,3.5,0.0,100.0,10,53.9,kuru kayısı
34.7,8.7,0,0.2,2.5,15,0.8,0.0,100.0,0,3.2,bostan patlıcanı
245.3,64.1,0,3.0,24.8,158,10.5,1.3,100.0,20,0.4,sivri biber
22.0,3.2,0,1.0,0.3,9,0.4,0.1,100.0,3,2.9,badem sütü
292.9,12.7,0,0.0,0.0,6,0.0,0.0,100.0,9,12.7,vanilya özütü
43.9,8.3,0,0.7,6.9,59,3.4,0.2,100.0,30,0.0,taze nane
424.6,14.0,87,27.3,0.0,639,28.4,15.4,100.0,1831,0.0,parmesan peyniri
292.9,12.7,0,0.0,0.0,6,0.0,0.0,100.0,9,12.7,vanilya özütü 
623.8,16.7,0,61.2,9.8,288,14.8,4.5,100.0,0,4.3,çiğ fındık
52.5,0.7,0,0.2,0.0,15,11.0,0.0,100.0,168,0.7,yumurta akı
50.8,13.9,0,0.2,2.4,11,0.3,0.0,100.0,0,10.3,yeşil elma
52.6,13.7,0,0.2,2.4,11,0.3,0.0,100.0,0,10.3,kırmızı elma
27.7,6.8,0,0.2,1.2,18,0.9,0.0,100.0,1,4.4,kırmızı dolmalık biber
606.8,21.1,0,51.7,10.8,462,20.7,3.9,100.0,499,4.7,badem
376.3,102.0,0,0.0,0.0,0,0.0,0.0,100.0,0,99.6,kesme şeker
34.0,8.3,0,0.2,3.0,30,0.8,0.0,100.0,57,3.4,büyük boy havuç
79.2,14.1,0,0.3,4.5,76,5.2,0.0,100.0,72,4.4,dondurulmuş bezelye
53.7,11.7,0,0.3,5.7,72,2.9,0.1,100.0,60,1.0,ayıklanmış enginar
16.5,5.5,0,0.0,0.8,9,0.4,0.0,100.0,23,1.6,taze sıkılmış limon suyu
333.4,69.2,0,1.9,12.3,330,15.4,0.3,100.0,1,0.4,buğday
165.1,27.4,0,2.6,7.7,167,8.9,0.3,100.0,240,4.8,nohut
245.3,64.1,0,3.0,24.8,158,10.5,1.3,100.0,20,0.4,karabiber 
312.7,3.6,1074,27.0,0.0,384,15.9,9.6,100.0,47,0.6,yumurt sarısı
253.3,64.7,0,3.0,24.9,160,10.4,1.3,100.0,20,0.4,iri çekilmiş karabiber
84.3,18.8,0,0.2,4.6,40,3.1,0.0,100.0,5,0.1,bulgur
112.4,19.3,0,0.4,7.9,177,9.1,0.1,100.0,233,1.8,sarı mercimek
127.4,28.4,0,0.3,0.4,42,2.7,0.1,100.0,1,0.1,kırık pirinç
278.6,0.0,90,17.1,0.0,223,27.2,6.5,100.0,91,0.0,köftelik kıyma
78.3,18.3,0,1.0,2.0,34,2.0,0.0,100.0,13,1.5,rendelenmiş zencefil
309.4,68.0,0,3.4,22.6,299,9.6,2.0,100.0,26,3.4,zerdeçal
16.5,5.5,0,0.0,0.8,9,0.4,0.0,100.0,23,1.6,limonun suyu ve kabuğu
36.1,6.3,0,0.8,3.4,57,2.9,0.3,100.0,55,0.8,kıyılmış maydanoz
301.2,0.0,98,20.5,0.0,187,24.4,8.8,100.0,71,0.0,kuzu gerdan eti
276.7,53.2,0,13.3,34.7,310,14.5,2.2,100.0,66,10.3,kırmızı tatlı toz kırmızı biber
116.2,19.7,0,0.4,8.0,179,8.9,0.1,100.0,239,1.8,yeşil mercimek
162.4,30.3,0,0.9,1.8,58,5.8,0.2,100.0,0,0.6,erişte
6.2,0.4,2,0.2,0.0,3,0.6,0.0,100.0,372,0.4,sıcak tavuk suyu
721.5,0.1},215,79.6,0.0,23,0.8,51.1,100.0,637,0.1,tereyağı veya sıvı yağ
39.4,8.8,0,0.4,1.5,43,1.9,0.0,100.0,8,5.3,toz acı biber
301.2,0.0,98,20.5,0.0,187,24.4,8.8,100.0,71,0.0,kuzu paça
18.5,3.9,0,0.2,1.2,23,0.9,0.0,100.0,5,2.6,domates konservesi
34.0,8.3,0,0.2,3.0,30,0.8,0.0,100.0,57,3.4,orta boy havuç
869.2,0.0,0,101.2,0.0,0,0.0,13.9,100.0,1,0.0,zeytinyağı 
44.3,7.1,0,1.0,2.0,66,3.0,0.0,100.0,61,0.0,dereotu 
347.4,2.8,111,35.6,0.0,57,2.9,22.9,100.0,27,2.9,krema
36.1,6.3,0,0.8,3.4,57,2.9,0.3,100.0,55,0.8,doğranmış maydanoz
278.6,0.0,90,17.1,0.0,223,27.2,6.5,100.0,91,0.0,az yağlı kıyma
94.1,2.0,157,4.1,0.0,66,11.7,1.4,100.0,69,0.0,işkembe
246.1,0.0,86,13.4,0.0,182,27.1,3.8,100.0,82,0.0,küçük bütün tavuk
363.2,75.9,0,1.0,2.7,106,10.3,0.2,100.0,1,0.3,beyaz un
11.0,1.7,0,0.4,0.2,10,0.4,0.0,100.0,2610,1.3,acı biber salçası
36.1,6.2,0,0.8,3.5,58,2.9,0.3,100.0,56,0.8,maydanoz sapı
27.8,6.8,0,0.2,1.2,17,0.9,0.0,100.0,2,4.4,kırmızı pul biber
0.0,0.0,0,0.0,0.0,0,0.0,0.0,100.0,4,0.0,soğuk su
20.5,4.9,0,0.1,1.1,30,0.7,0.0,100.0,0,2.1,bal kabağı 
221.2,0.0},90,12.2,0.0,209,27.7,4.4,100.0,69,0.0,et suyu
297.1,50.7,0,7.2,7.3,316,22.8,1.7,100.0,62,0.0,tarhun otu
27.8,6.8,0,0.2,1.2,17,0.9,0.0,100.0,2,4.4,etli kırmızı biber
0.0,0.0,0,0.0,0.0,0,0.0,0.0,100.0,38395,0.0,kaya tuzu
174.1,19.4,23,6.8,1.1,118,9.3,4.0,100.0,259,0.5,dondurulmuş mantı
333.4,69.2,0,1.9,12.3,330,15.4,0.3,100.0,1,0.4,haşlanmış buğday
116.2,19.7,0,0.4,8.0,179,8.9,0.1,100.0,239,1.8,haşlanmış yeşil mercimek
37.1,3.5},2,1.2,0.0,27,2.5,0.3,100.0,144,1.6,et suyu veya tavuk suyu
23.4,5.5,0,0.1,1.9,32,1.3,0.0,100.0,7,2.8,orta boy beyaz lahana
6.2,0.4,2,0.2,0.0,3,0.6,0.0,100.0,372,0.4,sıcak tavuk suyu 
22.5,4.6,0,0.2,2.5,31,1.9,0.0,100.0,5,2.4,kurutulmuş çiçek bamya
261.0,23.5,22,15.5,1.3,80,7.8,6.0,100.0,223,0.9,mantı 
21.9,3.8,0,0.3,0.5,18,0.9,0.1,100.0,171,2.8,sebze suyu 
27.8,6.8,0,0.2,1.2,17,0.9,0.0,100.0,2,4.4,orta boy kırmızı biber
27.5,6.8,0,0.2,1.2,18,0.9,0.0,100.0,2,3.2,orta boy yeşil biber
261.6,50.2,0,3.4,2.7,98,8.8,0.7,100.0,495,5.7,ekmek 
405.3,3.2,99,32.7,0.0,453,22.9,18.8,100.0,653,0.5,rendelenmiş eski kaşar peyniri
34.0,8.3,0,0.2,3.0,30,0.8,0.0,100.0,57,3.4,küçük boy havuç
91.3,21.3,0,0.4,4.1,75,4.7,0.1,100.0,339,7.9,haşlanmış kuru fasulye
18.5,3.5,0,0.2,0.0,36,1.5,0.0,100.0,43,0.0,semizotu
44.7,10.1,0,0.2,1.4,35,1.4,0.0,100.0,2,4.7,orta boy soğan
84.3,18.8,0,0.2,4.6,40,3.1,0.0,100.0,5,0.1,pilavlık bulgur
276.8,49.2},0,14.5,34.6,295,13.3,2.6,100.0,2868,7.0,sumak ekşisi 
18.5,3.9,0,0.2,1.2,23,0.9,0.0,100.0,5,2.6,rendelenmiş domates
265.1,0.0,88,17.0,0.0,228,27.0,6.5,100.0,90,0.0,kıyma 
37.1,3.5,2,1.2,0.0,27,2.5,0.3,100.0,144,1.6,sıcak et suyu 
162.4,30.3,0,0.9,1.8,58,5.8,0.2,100.0,0,0.6,erişte 
39.4,8.8,0,0.4,1.5,43,1.9,0.0,100.0,8,5.3,pul biber 
21.4,4.2,0,0.2,2.0,54,2.4,0.1,100.0,14,1.3,kuşkonmaz
87.3,2.6,0,0.0,0.0,23,0.1,0.0,100.0,3,0.6,kırmızı şarap 
275.7,52.5,0,2.4,2.2,103,10.7,0.5,100.0,593,4.6,baget ekmek
415.5,0.4},109,32.7,0.0,595,29.8,18.9,100.0,700,0.4,gruyere ya da emmental peyniri
19.4,4.0,0,0.1,2.1,32,1.9,0.0,100.0,175,1.1,pazı yaprağı
48.3,11.1,0,0.4,2.0,22,1.4,0.0,100.0,0,9.3,kayısı
34.7,8.7,0,0.2,2.5,15,0.8,0.0,100.0,0,3.2,büyük boy patlıcan
261.6,50.2,0,3.4,2.7,98,8.8,0.7,100.0,495,5.7,bayat ekmek
276.8,49.2,0,14.5,34.6,295,13.3,2.6,100.0,2868,7.0,sumak
64.2,7.2,5,1.6,0.0,145,5.3,1.0,100.0,69,7.1,süzme yoğurt 
124.9,6.8,14,0.1,0.0,384,24.2,0.1,100.0,778,0.7,yağsız beyaz peynir 
51.3,4.9,8,1.9,0.0,100,3.5,1.2,100.0,52,0.0,ılık süt
318.8,2.6,69,23.9,0.0,458,20.6,13.6,100.0,703,1.8,tuzsuz beyaz peynir
379.3,44.5,0,22.4,10.5,500,17.8,1.4,100.0,170,2.4,susam ve çörek otu karışımı
41.9,10.2,0,0.2,0.0,8,0.0,0.0,100.0,2,10.0,soda
393.9,3.2,100,33.0,0.0,459,22.7,18.9,100.0,661,0.5,ezine peyniri
48.6,12.1,0,0.3,1.6,14,1.0,0.1,100.0,2,8.5,vişne
29.0,9.3},0,0.3,2.7,15,1.1,0.0,100.0,2,2.5,limon tuzu
282.1,0.0,98,19.7,0.0,203,24.7,8.2,100.0,82,0.0,kuzu kıyma
40.8,8.7,0,0.4,1.5,42,1.9,0.0,100.0,9,5.3,acı kırmızı pul biber
268.1,72.3,0,8.9,21.2,112,6.4,2.6,100.0,77,0.0,yenibahar
700.5,0.7,0,80.7,0.0,4,0.1,15.4,100.0,1,0.0,oda sıcaklığında margarin
147.0,0.7,371,9.7,0.0,199,12.5,3.1,100.0,139,0.4,yumurta 
379.3,44.5,0,22.4,10.5,500,17.8,1.4,100.0,170,2.4,çörek otu
400.4,98.2,0,0.2,0.0,3,0.0,0.0,100.0,37,62.4,şeker
870.1,0.0,0,99.5,0.0,0,0.0,9.8,100.0,0,0.0,ayçiçek yağı 
261.6,50.2,0,3.4,2.7,98,8.8,0.7,100.0,495,5.7,ekmek
0.0,0.0,0,0.0,0.0,0,0.0,0.0,100.0,4,0.0,maden suyu
264.9,4.2,88,21.2,0.0,335,14.2,15.0,100.0,933,4.1,ufalanmış beyaz peynir
393.9,3.2,100,33.0,0.0,459,22.7,18.9,100.0,661,0.5,mihaliç peyniri
436.4,50.8,0,25.8,1.8,44,3.0,9.7,100.0,401,0.0,günlük yufka
721.5,0.1,215,79.6,0.0,23,0.8,51.1,100.0,637,0.1,eritilmiş tereyağı
379.3,44.5,0,22.4,10.5,500,17.8,1.4,100.0,170,2.4,çörek otu 
36.1,6.3,0,0.8,3.4,57,2.9,0.3,100.0,55,0.8,ince kıyılmış maydanoz
81.4,2.6},0,0.0,0.0,0,0.1,0.0,100.0,0,0.0,üzüm sirkesi
385.8,72.8,0,5.4,4.6,165,13.4,1.2,100.0,725,6.2,ekmek kırıntısı
321.7,41.9,0,7.5,26.5,634,40.4,1.0,100.0,50,0.0,yaş maya
589.7,20.9,0,50.5,8.1,361,23.8,8.0,100.0,406,5.0,kavrulmuş yer fıstığı
36.1,6.2,0,0.8,3.5,58,2.9,0.3,100.0,56,0.8,maydanoz yaprağı
87.3,20.5,0,0.1,1.8,43,1.9,0.0,100.0,3,0.9,haşlanmış patates
393.9,3.2,100,33.0,0.0,459,22.7,18.9,100.0,661,0.5,peynir
85.2,20.5,0,0.1,1.8,44,1.9,0.0,100.0,4,0.9,orta boy haşlanmış patates
36.1,6.3,0,0.8,3.4,57,2.9,0.3,100.0,55,0.8,çok küçük doğranmış maydanoz
245.3,64.1},0,3.0,24.8,158,10.5,1.3,100.0,20,0.4,karabiber ve pulbiber
590.1,21.2,0,54.0,4.8,789,17.3,7.5,100.0,35,0.0,tahin
0.0,0.0,0,0.0,0.0,0,0.0,0.0,100.0,4,0.0,oda ısısında su
379.3,44.5,0,22.4,10.5,500,17.8,1.4,100.0,170,2.4,toz kimyon
276.7,53.2,0,13.3,34.7,310,14.5,2.2,100.0,66,10.3,tatlı toz kırmızı biber
253.3,64.7,0,3.0,24.9,160,10.4,1.3,100.0,20,0.4,toz karabiber
664.8,13.6,0,64.5,6.9,350,15.2,5.9,100.0,2,2.4,olgunlaşmamış ceviz
29.6,10.6},0,0.2,2.9,17,0.7,0.0,100.0,2,1.7,kireç kaymağı
277.4,65.1,0,12.8,33.4,104,6.1,3.8,100.0,279,2.4,karanfil
276.7,53.2,0,13.3,34.7,310,14.5,2.2,100.0,66,10.3,tatlı kırmızı biber
306.3,55.2,0,17.8,41.0,405,12.3,1.1,100.0,34,0.0,kişniş tozu
513.0,28.1,0,36.2,12.2,827,26.0,2.0,100.0,13,7.0,hardal tozu
31.9,7.6,0,0.2,1.0,17,0.8,0.0,100.0,9,2.1,pırasa
17.9,4.0,0,0.2,1.6,25,0.8,0.1,100.0,91,2.4,kereviz yaprağı
63.8,15.9,0,0.2,2.1,20,1.1,0.0,100.0,0,12.8,kiraz 
547.7,44.9,0,37.8,1.5,59,7.4,5.5,100.0,251,0.7,milföy hamuru
23.3,3.8,0,0.3,2.4,55,2.9,0.0,100.0,69,0.4,ıspanak
386.8,89.9,0,0.0,0.9,13,0.3,0.0,100.0,8,0.0,mısır nişastası
36.1,6.3,0,0.8,3.4,57,2.9,0.3,100.0,55,0.8,ince doğranmış maydanoz
18.2,3.9,0,0.2,1.2,23,0.9,0.0,100.0,4,2.6,kuru domates
318.8,2.6,69,23.9,0.0,458,20.6,13.6,100.0,703,1.8,sürülebilir beyaz peynir
17.8,3.9,0,0.2,1.2,23,0.9,0.0,100.0,5,2.6,kiraz domates
102.7,25.1,0,1.2,13.6,106,5.0,0.0,100.0,8,0.0,dağ kekiği
36.1,6.3,0,0.8,3.4,57,2.9,0.3,100.0,55,0.8,ayıklanmış maydanoz
269.6,48.2,0,3.2,4.0,147,10.8,0.8,100.0,511,5.8,tam buğday ekmeği
98.3,3.4,16,4.3,0.0,161,11.2,1.7,100.0,370,2.7,süzme peynir
141.6,1.0,64,5.1,0.0,305,22.2,0.9,100.0,968,1.1,dana jambon
113.5,7.8,54,3.0,0.4,157,13.4,0.1,100.0,1214,4.0,hindi füme
321.9,1.4,87,26.9,0.0,146,18.4,8.8,100.0,815,1.1,sosis
248.5,63.1,0,3.0,25.4,160,10.5,1.3,100.0,19,0.4,çarliston biber
289.0,54.4,1,4.0,3.0,104,9.1,0.8,100.0,530,6.2,tost ekmeği
39.4,8.8,0,0.4,1.5,43,1.9,0.0,100.0,8,5.3,tatlı yeşil sivri biber
116.0,6.3,0,10.6,3.2,2,0.8,1.3,100.0,736,0.0,siyah zeytin
98.3,3.4,16,4.3,0.0,161,11.2,1.7,100.0,370,2.7,kolot peyniri
0.0,0.0,0,0.0,0.0,0,0.0,0.0,100.0,4,0.0,kaynar su
51.3,4.9,8,1.9,0.0,100,3.5,1.2,100.0,52,0.0,inek sütü 
282.7,12.6,0,0.0,0.0,5,0.0,0.0,100.0,9,12.7,vanilya çubuğu
29.0,9.3},0,0.3,2.7,15,1.1,0.0,100.0,2,2.5,dövülmüş limon tuzu
69.4,18.8},0,0.2,3.6,17,0.6,0.0,100.0,0,12.6,trabzon peyniri
58.0,15.0,0,0.1,1.9,17,0.4,0.0,100.0,3,0.0,orta boy sulu ayva
231.1,0.0,89,12.1,0.0,245,28.2,4.7,100.0,86,0.0,yağsız kıyma
39.9,9.7,0,0.3,1.5,20,0.9,0.0,100.0,0,8.5,şeftali
296.6,2.2,79,22.3,0.0,358,22.3,13.2,100.0,632,1.0,tel peyniri
85.1,15.5,0,0.2,5.6,115,5.4,0.0,100.0,3,5.9,bezelye
34.8,7.7,0,0.3,3.2,29,1.9,0.1,100.0,0,3.6,taze fasulye
18.2,3.9,0,0.2,1.2,23,0.9,0.0,100.0,4,2.6,orta boy domates 
128.1,22.4,0,0.5,6.3,138,8.8,0.1,100.0,0,0.3,taze barbunya
92.9,21.0,0,0.1,2.2,70,2.5,0.0,100.0,10,1.2,büyük boy patates
16.5,5.5,0,0.0,0.8,9,0.4,0.0,100.0,23,1.6,taze sıkılmış limon suyu 
22.5,4.6,0,0.2,2.5,31,1.9,0.0,100.0,5,2.4,bamya
289.8,72.8,0,0.3,6.8,122,4.1,0.0,100.0,7,67.9,kuş üzümü
53.7,11.7,0,0.3,5.7,72,2.9,0.1,100.0,60,1.0,enginar
128.1,22.4,0,0.5,6.3,138,8.8,0.1,100.0,0,0.3,deniz börülcesi
109.7,19.3,0,0.4,5.5,123,7.7,0.1,100.0,238,1.8,kuru bakla
129.5,22.6,0,0.5,6.4,138,8.7,0.1,100.0,0,0.3,iç bakla
27.6,6.2,0,0.2,0.9,23,1.0,0.0,100.0,1,0.0,sarı biber
22.6,3.8,0,0.4,1.1,29,1.0,0.1,100.0,1,2.5,kabak çiçeği
27.6,6.8,0,0.2,1.2,17,0.9,0.0,100.0,2,3.2,orta boy dolmalık biber
129.5,22.6,0,0.5,6.4,138,8.7,0.1,100.0,0,0.3,barbunya
31.9,7.6,0,0.2,1.0,17,0.8,0.0,100.0,9,2.1,pırasa 
46.4,11.2,0,0.1,0.3,46,0.7,0.0,100.0,1,8.3,portakal suyu
17.9,4.0,0,0.2,1.6,25,0.8,0.1,100.0,91,2.4,kereviz
47.9,15.7,0,0.3,10.8,12,1.5,0.0,100.0,6,4.1,limon kabuğu
150.4,1.1,375,10.5,0.0,169,12.6,3.2,100.0,124,1.1,haşlanmış yumurta
36.6,7.1,0,0.5,2.6,55,2.6,0.1,100.0,20,1.7,brüksel lahanası
578.5,21.0,0,50.1,7.9,363,24.1,7.9,100.0,410,5.0,yer fıstığı
53.7,11.7,0,0.3,5.7,72,2.9,0.1,100.0,60,1.0,enginar 
29.0,9.3,0,0.3,2.7,15,1.1,0.0,100.0,2,2.5,orta boy limon
429.7,14.2,86,28.3,0.0,638,28.7,15.4,100.0,1828,0.0,rendelenmiş parmesan peyniri
301.2,0.0},98,20.5,0.0,187,24.4,8.8,100.0,71,0.0,kuzu kuşbaşı eti
73.6,16.9},0,0.1,3.2,59,2.5,0.0,100.0,12,7.9,arpacık soğan
127.4,28.4,0,0.3,0.4,42,2.7,0.1,100.0,1,0.1,baldo pirinç
64.2,7.2,5,1.6,0.0,145,5.3,1.0,100.0,69,7.1,tuzlu yoğurt
144.8,32.5,0,0.7,2.0,153,6.4,0.0,100.0,16,1.0,fırınlanmış sarımsak
27.5,6.8,0,0.2,1.2,18,0.9,0.0,100.0,2,3.2,dolmalık biber
91.3,21.3,0,0.4,4.1,75,4.7,0.1,100.0,339,7.9,çandır fasulyesi 
48.6,12.1,0,0.3,1.6,14,1.0,0.1,100.0,2,8.5,vişne 
52.5,13.3,0,0.0,0.1,6,0.1,0.0,100.0,60,12.1,vişne suyu
97.3,25.1,0,0.2,10.7,21,1.5,0.0,100.0,3,0.0,portakal kabuğu rendesi
46.5,15.8,0,0.3,10.6,12,1.5,0.0,100.0,5,4.2,limon kabuğu rendesi
309.4,68.0,0,3.4,22.6,299,9.6,2.0,100.0,26,3.4,toz zerdeçal
39.4,8.8,0,0.4,1.5,43,1.9,0.0,100.0,8,5.3,yeşil sivri biber
34.7,8.7,0,0.2,2.5,15,0.8,0.0,100.0,0,3.2,kemer patlıcan
85.4,18.9,0,0.2,4.5,40,3.1,0.0,100.0,5,0.1,başbaşı bulgur
385.6,99.8,0,0.0,0.0,0,0.0,0.0,100.0,0,100.1,küp şeker
84.2,2.6,0,0.0,0.0,18,0.1,0.0,100.0,4,1.0,beyaz şarap
73.6,16.9},0,0.1,3.2,59,2.5,0.0,100.0,12,7.9,shallot soğan
589.7,20.9,0,50.5,8.1,361,23.8,8.0,100.0,406,5.0,kavrulmuş dolmalık fıstık
128.1,22.4,0,0.5,6.3,138,8.8,0.1,100.0,0,0.3,haşlanmış barbunya
242.5,81.0,0,1.5,52.2,64,3.8,0.0,100.0,10,2.3,çubuk tarçın
144.8,32.5},0,0.7,2.0,153,6.4,0.0,100.0,16,1.0,sarımsaklı yoğurt
674.1,13.3,0,69.5,3.6,569,13.7,4.9,100.0,1,3.6,çam fıstığı
247.4,80.4,0,1.1,53.8,64,3.9,0.4,100.0,10,2.3,tarçın 
76.1,19.4,0,0.3,2.9,14,0.8,0.1,100.0,0,16.4,kuru incir
248.5,63.1,0,3.0,25.4,160,10.5,1.3,100.0,19,0.4,kurutulmuş biber
276.8,49.2},0,14.5,34.6,295,13.3,2.6,100.0,2868,7.0,sumak ekşisi
58.0,15.0,0,0.1,1.9,17,0.4,0.0,100.0,3,0.0,ayva
34.0,8.3,0,0.2,3.0,30,0.8,0.0,100.0,57,3.4,mor havuç
894.9,0.0,0,101.5,0.0,0,0.0,13.9,100.0,2,0.0,sızma zeytinyağı
84.2,18.5,0,1.2,4.1,35,1.7,0.1,100.0,2,13.7,nar
129.5,22.6,0,0.5,6.4,138,8.7,0.1,100.0,0,0.3,taze börülce
24.4,2.0,0,0.0,2.0,56,4.0,0.0,100.0,4,0.0,reyhan
15.5,3.5,0,0.3,1.9,16,0.8,0.0,100.0,115,2.6,büyük boy rendelenmiş domates
53.7,11.7,0,0.3,5.7,72,2.9,0.1,100.0,60,1.0,küçük boy enginar
147.0,3.8,0,15.0,3.3,4,1.1,1.8,100.0,1558,0.4,yeşil zeytin
18.5,3.9,0,0.2,1.2,23,0.9,0.0,100.0,5,2.6,kurutulmuş domates
21.9,3.8,0,0.3,0.5,18,0.9,0.1,100.0,171,2.8,sebze suyu
34.7,8.7,0,0.2,2.5,15,0.8,0.0,100.0,0,3.2,top patlıcan
18.5,3.9},0,0.2,1.2,23,0.9,0.0,100.0,5,2.6,biberli domates konservesi
34.6,7.9,0,0.3,3.1,29,1.9,0.0,100.0,0,3.6,çalı fasulyesi
82.4,15.9,0,0.2,5.4,117,5.4,0.0,100.0,3,5.9,taze bezelye
50.4,12.4,0,0.1,2.2,23,0.9,0.0,100.0,1,8.4,portakal
869.2,0.0,0,101.2,0.0,0,0.0,13.9,100.0,1,0.0,zeytinyağ
47.1,11.9,0,0.2,1.7,21,0.9,0.0,100.0,0,9.1,mandalina
118.7,6.2,20,7.2,0.5,76,7.5,2.3,100.0,414,1.1,tatlı kırmızı toz biber)
309.4,68.0,0,3.4,22.6,299,9.6,2.0,100.0,26,3.4,zerdeçal 
268.1,72.3,0,8.9,21.2,112,6.4,2.6,100.0,77,0.0,yenibahar 
19.4,4.0,0,0.1,2.1,32,1.9,0.0,100.0,175,1.1,pazı
23.4,5.5,0,0.1,1.9,32,1.3,0.0,100.0,7,2.8,lahana
379.3,44.5,0,22.4,10.5,500,17.8,1.4,100.0,170,2.4,kimyon 
102.7,25.1,0,1.2,13.6,106,5.0,0.0,100.0,8,0.0,kekik 
233.6,47.8,0,4.3,36.7,277,22.7,2.9,100.0,75,1.4,kuru fesleğen
18.2,3.9,0,0.2,1.2,23,0.9,0.0,100.0,4,2.6,domates içi
46.4,11.2,0,0.1,0.3,46,0.7,0.0,100.0,1,8.3,taze sıkılmış portakal suyu
347.4,2.8,111,35.6,0.0,57,2.9,22.9,100.0,27,2.9,sıvı krema
540.2,58.9,23,29.4,3.4,206,7.8,18.6,100.0,78,51.4,kuvertür çikolata
548.7,58.1,21,31.7,0.2,178,5.9,19.5,100.0,89,59.4,beyaz çikolata
127.4,28.4},0,0.3,0.4,42,2.7,0.1,100.0,1,0.1,pirinç fındık
260.9,12.7,77,22.0,0.0,87,3.1,13.7,100.0,8,8.1,krem şanti
53.0,14.1,0,0.2,2.4,11,0.3,0.0,100.0,1,10.3,rendelenmiş elma
411.3,60.6},0,10.1,20.3,0,19.8,0.0,100.0,0,0.0,kakaolu petibör bisküvi
662.2,17.7,0,62.8,9.2,307,14.9,4.5,100.0,0,4.9,toz fındık
126.6,22.2,0,3.7,0.0,40,1.5,1.0,100.0,141,17.0,pişmeyen vanilyalı puding
260.9,12.7,77,22.0,0.0,87,3.1,13.7,100.0,8,8.1,toz krem şanti
540.2,58.9},23,29.4,3.4,206,7.8,18.6,100.0,78,51.4,çikolata kremalı bisküvi
284.0,64.1,0,1.1,2.6,131,2.1,0.5,100.0,71,49.8,hazır çikolata sosu
140.1,22.7,1,4.6,0.0,56,2.1,1.3,100.0,153,17.0,çikolatalı puding
51.3,4.9,8,1.9,0.0,100,3.5,1.2,100.0,52,0.0,sıcak süt
326.4,0.0,0,0.1,0.0,39,84.9,0.0,100.0,193,0.0,toz jelatin
260.9,12.7,77,22.0,0.0,87,3.1,13.7,100.0,8,8.1,çırpılmış krema
48.3,11.1,0,0.4,2.0,22,1.4,0.0,100.0,0,9.3,kayısı çekirdeği
81.7,10.5,11,3.4,0.8,102,3.2,2.1,100.0,60,9.5,sütlü çikolata
346.1,44.8,2,16.3,1.5,162,6.9,4.3,100.0,588,2.2,pötibör bisküvi
540.2,58.9},23,29.4,3.4,206,7.8,18.6,100.0,78,51.4,çikolatalı fındıklı puding
656.2,17.8,0,61.5,9.4,310,14.9,4.5,100.0,0,4.9,fındık
542.0,60.9,8,31.9,7.0,205,4.8,18.7,100.0,24,48.3,rendelenmiş bitter çikolata
411.3,60.6},0,10.1,20.3,0,19.8,0.0,100.0,0,0.0,kakaolu hazır pandispanya keki
467.3,64.6,0,29.7,5.9,129,4.2,17.7,100.0,10,54.0,damla çikolata
60.8,15.3},0,0.3,2.0,21,0.8,0.0,100.0,1,10.1,orman meyveli sos
313.0,52.9},49,6.5,3.7,99,9.6,1.6,100.0,555,4.3,hazır rulo pasta
540.2,58.9},23,29.4,3.4,206,7.8,18.6,100.0,78,51.4,çikolata kreması
411.3,60.6},0,10.1,20.3,0,19.8,0.0,100.0,0,0.0,kakaolu puding
584.0,27.2,0,44.9,10.0,471,21.5,5.7,100.0,432,7.1,antep fıstığı
411.3,60.6},0,10.1,20.3,0,19.8,0.0,100.0,0,0.0,kakaolu bisküvi
282.7,12.6,0,0.0,0.0,5,0.0,0.0,100.0,9,12.7,vanilya çubuğu 
548.7,58.1,21,31.7,0.2,178,5.9,19.5,100.0,89,59.4,rendelenmiş beyaz çikolata
346.1,44.8,2,16.3,1.5,162,6.9,4.3,100.0,588,2.2,halley bisküvi
243.5,65.2,0,0.5,7.8,71,2.4,0.0,100.0,22,50.8,kuru meyve parçacığı
635.9,13.8,0,65.0,6.9,347,15.2,5.9,100.0,1,2.5,ince çekilmiş ceviz içi
515.5,62.0},14,28.7,2.5,146,5.7,17.3,100.0,54,55.9,toblerone çikolata
282.7,12.6,0,0.0,0.0,5,0.0,0.0,100.0,9,12.7,çubuk vanilya 
358.9,44.6,2,16.5,1.5,165,7.0,4.3,100.0,581,2.2,kedidili bisküvi
656.2,17.8,0,61.5,9.4,310,14.9,4.5,100.0,0,4.9,fındık krokan
260.9,12.7,77,22.0,0.0,87,3.1,13.7,100.0,8,8.1,Bitkisel sıvı krem şanti
69.6,11.8},0,1.5,1.7,78,2.5,0.3,100.0,4,0.3,yulaflı bisküvi
197.2,2.8,0,21.2,0.0,97,2.0,18.8,100.0,12,0.0,hindistan cevizi sütü
584.0,27.2,0,44.9,10.0,471,21.5,5.7,100.0,432,7.1,ince çekilmiş antep fıstığı
721.5,0.1,215,79.6,0.0,23,0.8,51.1,100.0,637,0.1,eritilmiş ve oda ısısında bekletilmiş tereyağı
47.9,15.7,0,0.3,10.8,12,1.5,0.0,100.0,6,4.1,rendelenmiş limon kabuğu
41.8,9.6,0,0.5,5.3,22,1.4,0.0,100.0,1,4.9,dondurulmuş böğürtlen
145.7,0.7},372,9.4,0.0,201,12.7,3.1,100.0,144,0.4,büyük boy yumurta akı
347.4,2.8,111,35.6,0.0,57,2.9,22.9,100.0,27,2.9,şekersiz çiğ krema
328.5,54.5,34,8.8,0.0,252,8.0,5.5,100.0,128,54.5,yoğunlaştırılmış süt
656.2,17.8,0,61.5,9.4,310,14.9,4.5,100.0,0,4.9,fındık içi
126.6,22.2,0,3.7,0.0,40,1.5,1.0,100.0,141,17.0,vanilyalı puding
398.1,98.4},0,0.0,0.1,0,0.0,0.0,100.0,43,59.2,damla sakızlı vanilin
393.6,57.2,74,17.6,0.3,142,3.0,2.9,100.0,271,42.1,pasta süsü
721.5,0.1,215,79.6,0.0,23,0.8,51.1,100.0,637,0.1,oda sıcaklığında tereyağ
282.7,12.6},0,0.0,0.0,5,0.0,0.0,100.0,9,12.7,vanilyalı toz puding
358.9,44.6,2,16.5,1.5,165,7.0,4.3,100.0,581,2.2,kedi dili bisküvi
1.0,0.0,0,0.0,0.0,2,0.1,0.0,100.0,1,0.0,kahve
446.8,3.1,135,46.3,0.0,86,4.6,27.4,100.0,435,2.4,mascarpone peyniri
228.9,0.0,0,0.0,0.0,3,0.0,0.0,100.0,1,0.0,konyak
1.0,0.0,0,0.0,0.0,2,0.1,0.0,100.0,1,0.0,türk kahvesi
373.9,82.1,0,5.1,5.8,221,5.6,1.0,100.0,554,36.9,kakaolu pirinç patlağı
700.5,0.7,0,80.7,0.0,4,0.1,15.4,100.0,1,0.0,margarin
46.5,11.1,0,0.4,3.9,21,1.0,0.0,100.0,1,6.1,kırmızı meyveler
50.8,13.0,0,0.1,1.4,8,0.5,0.0,100.0,0,9.9,ananas
89.4,23.2,0,0.3,2.6,22,1.1,0.1,100.0,1,12.3,küçük muz
104.6,19.0,6,1.9,0.4,234,3.2,1.1,100.0,282,0.0,hazır puding
411.3,60.6},0,10.1,20.3,0,19.8,0.0,100.0,0,0.0,kakaolu krem şanti
63.8,15.9,0,0.2,2.1,20,1.1,0.0,100.0,0,12.8,çekirdeksiz vişne
362.6,77.0,0,1.0,2.7,106,10.2,0.2,100.0,2,0.3,yemek kaşığı un
63.5,15.9,0,0.2,2.0,20,1.1,0.0,100.0,0,12.9,taze vişne 
381.1,98.8,0,0.0,0.0,3,0.0,0.0,100.0,27,97.8,esmer şeker
51.3,4.9},8,1.9,0.0,100,3.5,1.2,100.0,52,0.0,süt kreması
282.7,12.6,0,0.0,0.0,5,0.0,0.0,100.0,9,12.7,vanilya 
206.1,0.0,85,9.9,0.0,254,29.1,2.2,100.0,3643,0.0,hamsi
288.5,0.0},154,2.2,0.0,955,62.3,0.6,100.0,7032,0.0,orta boy palamut balığı
288.5,0.0,154,2.2,0.0,955,62.3,0.6,100.0,7032,0.0,palamut
883.0,0.0,0,100.8,0.0,0,0.0,6.6,100.0,0,0.0,kızartma yağı
288.5,0.0},154,2.2,0.0,955,62.3,0.6,100.0,7032,0.0,büyük boy palamut balığı
254.4,0.0,75,18.0,0.0,281,23.9,4.2,100.0,82,0.0,istavrit
212.7,0.0},142,11.4,0.0,486,24.6,1.5,100.0,302,0.0,sardalya balığı
0.0,0.0,0,0.0,0.0,0,0.0,0.0,100.0,38985,0.0,ince çekilmiş deniz tuzu
254.5,63.0,0,3.0,25.2,155,10.5,1.3,100.0,19,0.4,taze çekilmiş renkli tane karabiber
17.0,3.3,0,0.3,2.1,30,1.2,0.0,100.0,7,1.2,orta boy marul
208.7,0.0,63,12.1,0.0,253,22.0,2.4,100.0,61,0.0,somon
420.7,0.4,111,32.3,0.0,603,29.9,18.8,100.0,714,0.4,kars gravyer peyniri
32.7,6.8},0,0.3,3.0,40,1.7,0.1,100.0,30,2.6,toz sebze çeşni 
263.2,0.0,98,17.0,0.0,205,26.5,6.7,100.0,53,0.0,mezgit fileto
101.0,3.2,31,4.7,0.6,96,12.1,0.6,100.0,31,0.9,köri
336.1,53.0,0,14.9,39.4,483,16.1,0.5,100.0,88,0.0,rezene tohumu
301.8,65.5,0,5.8,4.3,248,11.5,1.4,100.0,145,0.0,safran
115.0,0.0,86,0.9,0.0,232,24.9,0.2,100.0,101,0.0,orta boy çipura
253.3,64.7,0,3.0,24.9,160,10.4,1.3,100.0,20,0.4,ince çekilmiş renkli tane karabiber
0.0,0.0,0,0.0,0.0,0,0.0,0.0,100.0,38985,0.0,iri çekilmiş deniz tuzu
102.7,25.1,0,1.2,13.6,106,5.0,0.0,100.0,8,0.0,taze kekik 
121.7,0.0,53,2.6,0.0,244,23.4,0.7,100.0,86,0.0,deniz levreği
301.1,55.8,0,17.7,42.0,401,12.3,1.1,100.0,34,0.0,kişniş tohumu
0.0,0.0,0,0.0,0.0,0,0.0,0.0,100.0,38395,0.0,ince tuz
52.9,0.7,0,0.2,0.0,15,10.9,0.0,100.0,165,0.7,yumurta beyazı 
263.2,0.0,98,17.0,0.0,205,26.5,6.7,100.0,53,0.0,fileto mezgit
689.3,0.6,41,74.7,0.0,20,0.9,11.8,100.0,626,0.6,mayonez
23.2,4.9,0,0.8,3.3,9,2.3,0.2,100.0,2326,0.5,kapari çiçeği
208.7,0.0},63,12.1,0.0,253,22.0,2.4,100.0,61,0.0,somon veya mezgit fileto
30.0,4.3,0,0.7,2.7,57,3.4,0.0,100.0,2,2.0,frenk soğanı
306.3,55.2,0,17.8,41.0,405,12.3,1.1,100.0,34,0.0,kişniş
92.9,3.0,237,1.4,0.0,217,15.7,0.4,100.0,44,0.0,bütün kalamar
120.9,1.5,210,1.7,0.0,310,22.6,0.5,100.0,928,0.0,jumbo karides
28.9,6.4,0,0.4,2.8,26,0.9,0.1,100.0,3,4.1,kırmızı jalapeno biberi
101.7,25.5,0,0.5,0.0,101,1.8,0.1,100.0,5,0.0,lemongrass 
29.0,9.3,0,0.3,2.7,15,1.1,0.0,100.0,2,2.5,orta boy limon 
156.0,31.3,0,0.9,1.8,58,5.7,0.2,100.0,1,0.6,Kelebek Makarna
133.3,0.0,46,0.6,0.0,331,29.4,0.2,100.0,54,0.0,ton balığı konservesi
208.0,0.0,62,12.4,0.0,251,22.0,2.4,100.0,60,0.0,fileto somon
261.6,50.2,0,3.4,2.7,98,8.8,0.7,100.0,495,5.7,bayat ekmek içi
144.8,32.5,0,0.7,2.0,153,6.4,0.0,100.0,16,1.0,rendelenmiş sarımsak
172.4,7.3,56,4.5,0.0,286,23.9,0.8,100.0,371,0.0,kabuklu midye
289.8,72.8,0,0.3,6.8,122,4.1,0.0,100.0,7,67.9,kuş üzümü 
81.3,18.8,0,0.5,4.1,81,4.3,0.1,100.0,59,12.2,domates salçası 
121.7,0.0,53,2.6,0.0,244,23.4,0.7,100.0,86,0.0,orta boy levrek balığı
263.2,0.0},98,17.0,0.0,205,26.5,6.7,100.0,53,0.0,fileto levrek
148.8,3.7,0,15.3,3.3,4,1.1,1.9,100.0,1531,0.4,çekirdeksiz yeşil zeytin
23.4,4.9,0,0.8,3.2,10,2.3,0.2,100.0,2360,0.5,kapari turşusu
121.8,21.0,0,1.9,2.8,152,4.4,0.2,100.0,6,0.9,kinoa
133.3,0.0,46,0.6,0.0,331,29.4,0.2,100.0,54,0.0,konserve ton balığı
208.0,0.0,62,12.4,0.0,251,22.0,2.4,100.0,60,0.0,somon fileto
58.3,5.7,0,3.4,4.0,106,3.8,0.2,100.0,1125,1.0,hardal
44.3,7.1,0,1.0,2.0,66,3.0,0.0,100.0,61,0.0,ince doğranmış dereotu
119.0,1.6,212,1.8,0.0,300,22.6,0.6,100.0,944,0.0,ayıklanmış karides
28.0,5.3,0,0.5,2.1,87,2.1,0.1,100.0,1,2.3,kültür mantarı
208.0,0.0,62,12.4,0.0,251,22.0,2.4,100.0,60,0.0,somon fileto 
253.3,64.7,0,3.0,24.9,160,10.4,1.3,100.0,20,0.4,taze çekilmiş karabiber
191.4,0.0,73,8.5,0.0,317,26.9,1.5,100.0,67,0.0,alabalık
118.1,0.0},115,1.2,0.0,254,24.9,0.2,100.0,79,0.0,levrek fileto
18.4,0.1,0,0.0,0.0,3,0.0,0.0,100.0,1,0.1,beyaz sirke
306.3,55.2,0,17.8,41.0,405,12.3,1.1,100.0,34,0.0,toz kişniş
394.7,99.9,0,0.0,0.0,0,0.0,0.0,100.0,1,99.3,beyaz şeker
57.5,5.6,0,3.1,3.9,102,3.6,0.2,100.0,2479,0.9,dijon hardalı
258.3,43.2,0,3.5,6.1,209,12.4,0.7,100.0,457,4.3,tam tahıllı ekmek
120.4,0.0,22,4.3,0.0,161,18.4,0.9,100.0,1969,0.0,somon füme
21.4,4.2,0,0.2,2.0,54,2.4,0.1,100.0,14,1.3,taze kuşkonmaz
22.6,3.8,0,0.4,1.1,29,1.0,0.1,100.0,1,2.5,sakız kabağı
44.3,7.1,0,1.0,2.0,66,3.0,0.0,100.0,61,0.0,ince kıyılmış dereotu
120.4,0.0,22,4.3,0.0,161,18.4,0.9,100.0,1969,0.0,füme somon
43.7,10.1,0,0.2,1.4,34,1.4,0.0,100.0,3,4.7,orta boy kırmızı soğan
40.8,8.7,0,0.4,1.5,42,1.9,0.0,100.0,9,5.3,küçük boy acı kırmızı biber
23.6,3.7,0,0.5,2.8,47,2.3,0.0,100.0,46,0.7,taze kişniş
248.5,63.1,0,3.0,25.4,160,10.5,1.3,100.0,19,0.4,beyaz karabiber
206.1,0.0,85,9.9,0.0,254,29.1,2.2,100.0,3643,0.0,temizlenmiş karadeniz hamsi
119.0,1.6,212,1.8,0.0,300,22.6,0.6,100.0,944,0.0,karides
263.2,0.0},98,17.0,0.0,205,26.5,6.7,100.0,53,0.0,fileto levrek balığı
92.9,3.0,237,1.4,0.0,217,15.7,0.4,100.0,44,0.0,"küçük boy, körpe kalamar"
18.2,3.9,0,0.2,1.2,23,0.9,0.0,100.0,4,2.6,küçük boy domates
39.4,8.8,0,0.4,1.5,43,1.9,0.0,100.0,8,5.3,orta boy sivri biber
119.0,1.6,212,1.8,0.0,300,22.6,0.6,100.0,944,0.0,küçük boy karides
27.5,6.8,0,0.2,1.2,18,0.9,0.0,100.0,2,3.2,büyük boy yeşil biber
263.2,0.0},98,17.0,0.0,205,26.5,6.7,100.0,53,0.0,fileto mezgit balığı
161.8,31.2,0,0.9,1.8,57,5.8,0.2,100.0,0,0.6,Sade Erişte
156.0,31.3,0,0.9,1.8,58,5.7,0.2,100.0,1,0.6,Burgu Makarna
156.0,31.3,0,0.9,1.8,58,5.7,0.2,100.0,1,0.6,Dirsek Makarna
82.4,15.9,0,0.2,5.4,117,5.4,0.0,100.0,3,5.9,haşlanmış bezelye
415.6,3.1,97,33.9,0.0,455,22.8,18.8,100.0,640,0.5,rendelenmiş eski kaşar 
30.0,4.3,0,0.7,2.7,57,3.4,0.0,100.0,2,2.0,çok küçük doğranmış frenk soğanı 
156.0,31.3,0,0.9,1.8,58,5.7,0.2,100.0,1,0.6,Fiyonk Makarna
18.0,3.8,0,0.3,1.1,24,0.9,0.0,100.0,5,2.7,üzüm domates
144.8,32.5,0,0.7,2.0,153,6.4,0.0,100.0,16,1.0,sarımsak 
39.4,8.8,0,0.4,1.5,43,1.9,0.0,100.0,8,5.3,chili biberi
253.3,64.7,0,3.0,24.9,160,10.4,1.3,100.0,20,0.4,öğütülmüş top karabiber
154.7,29.9,0,0.6,1.3,76,5.3,0.1,100.0,4,1.1,Spagetti Makarna
23.4,2.0,0,0.0,2.0,55,4.0,0.0,100.0,3,0.0,taze fesleğen
263.2,0.0},98,17.0,0.0,205,26.5,6.7,100.0,53,0.0,fileto tavuk göğsü
154.7,29.9,0,0.6,1.3,76,5.3,0.1,100.0,4,1.1,Spaghetti Makarna
174.1,19.4},23,6.8,1.1,118,9.3,4.0,100.0,259,0.5,Mantı Makarna
18.2,3.9,0,0.2,1.2,23,0.9,0.0,100.0,4,2.6,domates rendesi
156.0,31.3,0,0.9,1.8,58,5.7,0.2,100.0,1,0.6,Kalem Makarna
156.0,31.3},0,0.9,1.8,58,5.7,0.2,100.0,1,0.6,makarnanın haşlama suyu
146.8,30.0},0,0.6,1.3,77,5.3,0.1,100.0,4,1.1,Fettucine Makarna
419.3,14.1,85,27.6,0.0,635,28.6,15.4,100.0,1811,0.0,parmesan
156.0,31.3,0,0.9,1.8,58,5.7,0.2,100.0,1,0.6,Yüksük Makarna
527.5,49.0,0,36.4,20.7,210,5.9,26.2,100.0,15,3.2,rendelenmiş muskat cevizi
156.0,31.3,0,0.9,1.8,58,5.7,0.2,100.0,1,0.6,Fırın Makarna
527.5,49.0,0,36.4,20.7,210,5.9,26.2,100.0,15,3.2,muskat cevizi
39.4,8.8,0,0.4,1.5,43,1.9,0.0,100.0,8,5.3,kurutulmuş chili biberi
24.4,2.0,0,0.0,2.0,56,4.0,0.0,100.0,4,0.0,fesleğen yaprağı
393.9,3.2,100,33.0,0.0,459,22.7,18.9,100.0,661,0.5,çeçil peyniri
393.9,3.2,100,33.0,0.0,459,22.7,18.9,100.0,661,0.5,rendelenmiş Kolot peyniri
405.3,3.2,99,32.7,0.0,453,22.9,18.8,100.0,653,0.5,rendelenmiş cheddar peyniri
27.6,6.8,0,0.2,1.2,17,0.9,0.0,100.0,2,3.2,renkli dolmalık biber 
192.6,0.0},88,7.3,0.0,191,28.8,2.0,100.0,84,0.0,kemiksiz tavuk but
331.9,72.1,0,0.6,9.1,413,16.5,0.3,100.0,59,2.6,sarımsak tozu
92.7,21.0,0,0.1,2.2,70,2.5,0.0,100.0,10,1.2,orta boy patates 
360.0,73.9,0,1.0,4.0,138,12.7,0.1,100.0,1,0.0,semolina 
313.2,60.5},0,13.1,39.9,91,10.1,7.1,100.0,11,1.4,ada çayı
393.9,3.2,100,33.0,0.0,459,22.7,18.9,100.0,661,0.5,rendelenmiş tulum peyniri
391.7,73.1,0,5.4,4.5,164,13.2,1.2,100.0,741,6.3,ufalanmış bayat ekmek kırıntısı
278.6,0.0,90,17.1,0.0,223,27.2,6.5,100.0,91,0.0,orta yağlı kıyma 
44.7,10.1,0,0.2,1.4,35,1.4,0.0,100.0,2,4.7,küçük boy kuru soğan
35.1,8.1,0,0.2,3.0,30,0.8,0.0,100.0,56,3.4,haşlanmış havuç
114.0,16.8,0,4.2,1.5,47,2.0,0.7,100.0,329,1.4,patates püresi
24.6,5.4,0,0.3,1.5,26,1.2,0.0,100.0,472,3.6,domates sosu
296.6,2.2,79,22.3,0.0,358,22.3,13.2,100.0,632,1.0,dil peyniri
64.2,7.2,5,1.6,0.0,145,5.3,1.0,100.0,69,7.1,çırpılmış yoğurt
44.7,10.1,0,0.2,1.4,35,1.4,0.0,100.0,2,4.7,rendelenmiş kuru soğan
289.5,8.2,65,22.4,2.3,238,14.3,7.7,100.0,669,3.5,köfte baharı
278.6,52.1,0,2.4,2.2,103,10.8,0.5,100.0,598,4.6,ekşi mayalı ekmek
278.6,0.0,90,17.1,0.0,223,27.2,6.5,100.0,91,0.0,kuzu döş kıyma
278.6,0.0,90,17.1,0.0,223,27.2,6.5,100.0,91,0.0,dana döş kıyma
16.4,0.2,0,0.1,0.0,3,3.7,0.0,100.0,189,0.2,kemik suyu
39.4,8.8,0,0.4,1.5,43,1.9,0.0,100.0,8,5.3,kıl biber
24.6,5.4,0,0.3,1.5,26,1.2,0.0,100.0,472,3.6,domates sos 
291.9,0.0},87,19.7,0.0,206,26.6,7.8,100.0,63,0.0,yağlı dana kıyma
506.2,65.3,0,25.1,2.0,107,5.1,8.0,100.0,306,33.0,galeta
643.2,13.7,0,65.0,6.6,346,15.2,6.1,100.0,1,2.7,iri dövülmüş ceviz içi
261.6,50.2,0,3.4,2.7,98,8.8,0.7,100.0,495,5.7,bayat ekmek içi 
63.1,7.1,6,1.6,0.0,141,5.2,1.0,100.0,69,7.1,yoğurt 
282.8,54.9,0,1.2,2.2,97,9.1,0.2,100.0,529,1.3,tırnak pide
85.4,18.9},0,0.2,4.5,40,3.1,0.0,100.0,5,0.1,köftelik ince bulgur
278.6,0.0,90,17.1,0.0,223,27.2,6.5,100.0,91,0.0,orta yağlı dana kıyma
399.9,71.4,0,5.4,4.5,166,13.3,1.2,100.0,717,6.2,galeta unu 
84.3,18.8,0,0.2,4.6,40,3.1,0.0,100.0,5,0.1,ince köftelik bulgur
635.9,13.8,0,65.0,6.9,347,15.2,5.9,100.0,1,2.5,ceviz içi 
730.8,0.1,216,80.7,0.0,24,0.8,51.4,100.0,632,0.1,tereyağı veya margarin
278.6,0.0,90,17.1,0.0,223,27.2,6.5,100.0,91,0.0,dana nuar kıyma
53.0,14.1,0,0.2,2.4,11,0.3,0.0,100.0,1,10.3,marul
0.0,0.0,0,0.0,0.0,0,0.0,0.0,100.0,1,0.0,buz
391.7,73.1},0,5.4,4.5,164,13.2,1.2,100.0,741,6.3,bayat ekmek içi ya da galeta unu
85.4,18.9},0,0.2,4.5,40,3.1,0.0,100.0,5,0.1,köftelik bulgur
301.2,0.0},98,20.5,0.0,187,24.4,8.8,100.0,71,0.0,yağlı kuzu boşluk eti
391.7,73.1,0,5.4,4.5,164,13.2,1.2,100.0,741,6.3,Trabzon ekmeği kırıntısı
289.5,8.2},65,22.4,2.3,238,14.3,7.7,100.0,669,3.5,karışık köfte baharatı 
278.6,0.0,90,17.1,0.0,223,27.2,6.5,100.0,91,0.0,az yağlı dana kıyma
32.0,7.3,0,0.2,2.6,37,1.8,0.0,100.0,16,2.3,yeşil soğan
248.5,63.1,0,3.0,25.4,160,10.5,1.3,100.0,19,0.4,toz biber
287.0,0.0,97,20.7,0.0,187,24.7,8.9,100.0,72,0.0,kuzu eti
24.4,2.0,0,0.0,2.0,56,4.0,0.0,100.0,4,0.0,kuru reyhan
233.6,47.8,0,4.3,36.7,277,22.7,2.9,100.0,75,1.4,kurutulmuş reyhan
314.7,75.6,0,10.1,25.3,113,10.0,0.0,100.0,24,0.0,toz defne yaprağı 
301.2,0.0,98,20.5,0.0,187,24.4,8.8,100.0,71,0.0,kuzu kol
24.4,2.0,0,0.0,2.0,56,4.0,0.0,100.0,4,0.0,kuru reyhan 
291.9,0.0,87,19.7,0.0,206,26.6,7.8,100.0,63,0.0,dana kuşbaşı eti
291.9,0.0,87,19.7,0.0,206,26.6,7.8,100.0,63,0.0,kuşbaşı dana eti
301.2,0.0,98,20.5,0.0,187,24.4,8.8,100.0,71,0.0,kuşbaşı kuzu kol
926.0,0.0,96,100.9,0.0,0,0.0,39.3,100.0,0,0.0,kuyruk yağı
291.9,0.0,87,19.7,0.0,206,26.6,7.8,100.0,63,0.0,iri doğranmış dana eti
48.8,7.5,2,1.6,1.8,34,1.4,0.2,100.0,438,5.0,beşamel sos
81.3,18.8},0,0.5,4.1,81,4.3,0.1,100.0,59,12.2,salçalı su
113.9,0.7},51,3.6,0.0,246,18.5,1.3,100.0,856,0.3,dana fırınlık kaburga
169.8,0.9,563,6.6,0.0,407,24.4,2.1,100.0,77,0.0,ciğer
221.2,0.0,90,12.2,0.0,209,27.7,4.4,100.0,69,0.0,kuşbaşı et 
258.5,49.3,0,3.3,2.7,97,8.9,0.7,100.0,494,5.6,beyaz ekmek 
27.6,6.7,0,0.2,1.2,17,0.9,0.0,100.0,2,3.2,küçük biber turşusu
224.9,0.0},108,8.7,0.0,206,33.7,3.2,100.0,70,0.0,kuşbaşı kuzu eti
278.6,0.0,90,17.1,0.0,223,27.2,6.5,100.0,91,0.0,orta yağlı kuzu kıyma
226.3,0.0},114,11.5,0.0,236,30.3,4.2,100.0,86,0.0,dana ciğeri
318.7,55.6,0,7.0,3.3,126,8.8,1.7,100.0,477,0.0,tortilla ekmeği
48.8,7.5,2,1.6,1.8,34,1.4,0.2,100.0,438,5.0,acı sos
17.0,3.3,0,0.3,2.1,30,1.2,0.0,100.0,7,1.2,kıvırcık marul
192.5,4.7,58,19.6,0.0,76,2.4,10.1,100.0,30,3.4,ekşi krema 
44.7,10.1,0,0.2,1.4,35,1.4,0.0,100.0,2,4.7,rendelenmiş orta boy kuru soğan
253.3,64.7,0,3.0,24.9,160,10.4,1.3,100.0,20,0.4,çekilmiş tane karabiber
391.7,73.1,0,5.4,4.5,164,13.2,1.2,100.0,741,6.3,ıslatılmış ekmek içi
300.8,2.2,79,22.7,0.0,347,22.4,13.2,100.0,623,1.0,mozzarella peyniri
226.3,0.0,114,11.5,0.0,236,30.3,4.2,100.0,86,0.0,dana döş eti 
0.0,0.0,0,0.0,0.0,0,0.0,0.0,100.0,38395,0.0,ince çekilmiş tuz
301.2,0.0,98,20.5,0.0,187,24.4,8.8,100.0,71,0.0,kuzu incik
301.2,0.0,98,20.5,0.0,187,24.4,8.8,100.0,71,0.0,orta yağlı kuzu eti
226.5,2.6,493,8.9,0.0,419,30.4,3.4,100.0,55,0.0,kuzu ciğeri
301.2,0.0,98,20.5,0.0,187,24.4,8.8,100.0,71,0.0,kuzu şiş
27.6,6.8,0,0.2,1.2,17,0.9,0.0,100.0,2,3.2,dolmalık kırmızı biber
44.7,10.1},0,0.2,1.4,35,1.4,0.0,100.0,2,4.7,soğan suyu
329.4,0.0,85,24.4,0.0,202,24.0,9.8,100.0,57,0.0,bonfile
34.7,8.7,0,0.2,2.5,15,0.8,0.0,100.0,0,3.2,közlenmiş patlıcan
92.9,21.0,0,0.1,2.2,70,2.5,0.0,100.0,10,1.2,rendelenmiş patates
44.7,10.1,0,0.2,1.4,35,1.4,0.0,100.0,2,4.7,büyük kuru soğan
157.7,9.2,42,8.5,1.0,159,11.4,4.0,100.0,407,2.9,lazanya yaprağı
314.7,75.6,0,10.1,25.3,113,10.0,0.0,100.0,24,0.0,toz defne yaprağı
312.2,0.0,91,20.9,0.0,196,28.6,10.7,100.0,80,0.0,kuzu pirzola
271.9,59.7,0,6.6,39.8,303,13.2,0.0,100.0,75,3.4,mercanköşk
64.2,7.2,5,1.6,0.0,145,5.3,1.0,100.0,69,7.1,koyu kıvamlı yoğurt
273.4,0.0,95,18.8,0.0,194,26.0,7.3,100.0,52,0.0,ince dövülmüş biftek
248.5,63.1,0,3.0,25.4,160,10.5,1.3,100.0,19,0.4,domates/acı biber salçası karışımı
46.5,15.8,0,0.3,10.6,12,1.5,0.0,100.0,5,4.2,limon rendesi
115.4,19.3,64,2.9,0.0,101,3.6,1.5,100.0,231,10.8,pastacılık kreması
398.6,72.9,0,12.0,2.1,108,3.9,1.1,100.0,14,68.5,marzipan
606.8,21.1,0,51.7,10.8,462,20.7,3.9,100.0,499,4.7,dövülmüş badem içi
314.5,68.3,0,6.4,27.9,177,10.9,0.5,100.0,18,0.0,dövülmüş kakule
321.7,41.9,0,7.5,26.5,634,40.4,1.0,100.0,50,0.0,yaş maya 
721.5,0.1,215,79.6,0.0,23,0.8,51.1,100.0,637,0.1,soğuk tereyağı
294.0,53.6,0,6.1,1.9,76,7.1,1.5,100.0,482,0.2,baklavalık yufka
214.7,0.1,128,13.6,0.0,197,23.6,4.2,100.0,171,0.0,tavuk kalça
192.6,0.0},88,7.3,0.0,191,28.8,2.0,100.0,84,0.0,kemiksiz tavuk kalça
79.5,17.9,0,1.0,2.0,33,2.0,0.0,100.0,12,1.5,rendelenmiş taze zencefil
549.8,28.3,0,43.0,27.5,648,18.4,3.7,100.0,29,1.5,keten tohumu
314.5,68.3,0,6.4,27.9,177,10.9,0.5,100.0,18,0.0,kakule
374.9,44.2,0,22.3,10.6,497,17.7,1.4,100.0,170,2.4,kimyon tohumu
247.4,80.4,0,1.1,53.8,64,3.9,0.4,100.0,10,2.3,toz tarçın
362.9,80.9,0,1.4,2.4,98,6.0,0.4,100.0,0,0.1,pirinç unu
85.4,3.8},0,0.0,0.0,18,0.4,0.0,100.0,5,3.8,gül suyu
191.4,0.0,89,7.3,0.0,197,29.2,2.0,100.0,85,0.0,yağlı tavuk eti
145.7,0.7,372,9.4,0.0,201,12.7,3.1,100.0,144,0.4,büyük boy yumurta
537.8,63.0,0,30.3,5.5,151,5.4,28.5,100.0,41,54.1,Nutella
656.2,17.8},0,61.5,9.4,310,14.9,4.5,100.0,0,4.9,fındık kreması
662.2,17.7,0,62.8,9.2,307,14.9,4.5,100.0,0,4.9,dövülmüş fındık
165.1,27.4,0,2.6,7.7,167,8.9,0.3,100.0,240,4.8,nohut 
306.3,55.2,0,17.8,41.0,405,12.3,1.1,100.0,34,0.0,kişniş 
558.5,29.7,0,43.9,3.4,587,18.2,7.7,100.0,12,5.9,çiğ kaju fıstığı
356.2,78.5,0,0.4,12.9,0,14.2,0.0,100.0,294,45.2,goji berry
242.9,63.7,0,0.6,7.5,71,3.4,0.0,100.0,9,53.3,günkurusu kayısı
46.2,11.4,0,0.3,1.4,16,0.7,0.0,100.0,0,9.9,kurutulmuş erik
23.4,5.5,0,0.1,1.9,32,1.3,0.0,100.0,7,2.8,beyaz lahana 
548.7,58.1,21,31.7,0.2,178,5.9,19.5,100.0,89,59.4,beyaz çikolata 
540.2,58.9,23,29.4,3.4,206,7.8,18.6,100.0,78,51.4,bitter kuvertür çikolata
51.3,4.9},8,1.9,0.0,100,3.5,1.2,100.0,52,0.0,sütlü kuvertür çikolata
540.2,58.9,23,29.4,3.4,206,7.8,18.6,100.0,78,51.4,beyaz kuvertür çikolata
883.0,0.0,0,100.8,0.0,0,0.0,6.6,100.0,0,0.0,sıvı yağ 
99.7,25.4,0,0.2,10.9,21,1.5,0.0,100.0,3,0.0,rendelenmiş portakal kabuğu
263.2,0.0},98,17.0,0.0,205,26.5,6.7,100.0,53,0.0,fileto tavuk göğsü 
39.2,9.6,0,0.2,1.5,45,2.0,0.0,100.0,6,5.2,orta boy kapya biber
27.3,6.6,0,0.2,1.2,17,0.9,0.0,100.0,1,3.2,orta boy yeşil dolmalık biber
51.3,4.9},8,1.9,0.0,100,3.5,1.2,100.0,52,0.0,süt kaymağı
147.0,0.7,371,9.7,0.0,199,12.5,3.1,100.0,139,0.4,küçük boy yumurta
93.9,21.0},0,1.5,2.4,75,3.4,0.2,100.0,1,4.6,mısır irmiği
300.8,2.2,79,22.7,0.0,347,22.4,13.2,100.0,623,1.0,rendelenmiş mozzarella peyniri
23.4,2.0},0,0.0,2.0,55,4.0,0.0,100.0,3,0.0,taze fesleğen yaprağı
64.2,7.2},5,1.6,0.0,145,5.3,1.0,100.0,69,7.1,yoğurt kaymağı
222.6,0.0,92,12.9,0.0,179,23.7,3.7,100.0,72,0.0,tavuk
858.8,0.0,0,100.6,0.0,0,0.0,14.1,100.0,0,0.0,susam yağı
44.7,10.1,0,0.2,1.4,35,1.4,0.0,100.0,2,4.7,taze soğan 
92.7,21.0,0,0.1,2.2,70,2.5,0.0,100.0,10,1.2,küçük boy patates
130.4,28.4,0,0.2,0.0,33,2.4,0.0,100.0,0,0.0,risotto pirinci
100.1,3.4,16,4.3,0.0,158,11.0,1.7,100.0,361,2.7,tuzsuz lor peyniri
362.6,77.0,0,1.0,2.7,106,10.2,0.2,100.0,2,0.3,elenmiş un
52.6,13.7,0,0.2,2.4,11,0.3,0.0,100.0,0,10.3,orta boy kırmızı elma
144.8,32.5,0,0.7,2.0,153,6.4,0.0,100.0,16,1.0,dövülmüş sarımsak
52.7,11.9,0,0.5,6.5,28,1.0,0.0,100.0,1,4.5,ahududu
405.2,98.6,0,0.0,0.0,2,0.0,0.0,100.0,38,63.5,nane yaprağı
100.7,27.6,0,0.1,0.3,25,1.1,0.0,100.0,890,21.3,ketçap
316.0,55.4,0,7.1,3.3,123,8.7,1.7,100.0,479,0.0,tortilla
273.4,0.0,95,18.8,0.0,194,26.0,7.3,100.0,52,0.0,yağsız biftek
91.3,21.3,0,0.4,4.1,75,4.7,0.1,100.0,339,7.9,konserve meksika fasulyesi
347.4,2.8,111,35.6,0.0,57,2.9,22.9,100.0,27,2.9,çiğ krema
282.7,12.6,0,0.0,0.0,5,0.0,0.0,100.0,9,12.7,çubuk vanilya
182.1,0.0,126,8.9,0.0,200,24.1,2.4,100.0,98,0.0,tavuk but
58.3,5.7,0,3.4,4.0,106,3.8,0.2,100.0,1125,1.0,taneli hardal
99.7,25.4,0,0.2,10.9,21,1.5,0.0,100.0,3,0.0,portakal kabuğu
405.3,3.2,99,32.7,0.0,453,22.9,18.8,100.0,653,0.5,eski kaşar peyniri
584.0,27.2,0,44.9,10.0,471,21.5,5.7,100.0,432,7.1,iri çekilmiş antep fıstığı
18.1,0.1,0,0.0,0.0,4,0.0,0.0,100.0,2,0.1,pirinç sirkesi
79.5,17.9,0,1.0,2.0,33,2.0,0.0,100.0,12,1.5,taze zencefil
249.2,52.9},0,2.2,5.2,105,3.2,0.4,100.0,2,10.7,kestane mantarı
358.9,44.6,2,16.5,1.5,165,7.0,4.3,100.0,581,2.2,bebe bisküvisi
540.2,58.9,23,29.4,3.4,206,7.8,18.6,100.0,78,51.4,çikolata
131.2,28.5},0,0.3,0.4,43,2.7,0.1,100.0,1,0.1,basmati veya yasmin pirinci
301.8,65.5,0,5.8,4.3,248,11.5,1.4,100.0,145,0.0,safran 
314.5,68.3,0,6.4,27.9,177,10.9,0.5,100.0,18,0.0,ezilmiş kakule
114.1,23.4,0,0.2,1.4,22,3.8,0.0,100.0,5,0.1,kuskus
222.6,0.0,92,12.9,0.0,179,23.7,3.7,100.0,72,0.0,tavuk füme
700.5,0.7},0,80.7,0.0,4,0.1,15.4,100.0,1,0.0,margarin veya tuzsuz tereyağı
127.4,28.4},0,0.3,0.4,42,2.7,0.1,100.0,1,0.1,pirinç yufkası
160.8,10.0,98,4.6,0.0,242,18.8,1.0,100.0,209,0.0,oyster 
